Classifier1,Classifier2,Classifier3,Classifier4,UsingID,sw_age_min,sw_age_max,hw_age_min,hw_age_max,MinYearsSinceDist,MaxYearsSinceDist,LastDistTypeID,MinTotBiomassC,MaxTotBiomassC,MinSWMerchBiomassC,MaxSWMerchBiomassC,MinHWMerchBiomassC,MaxHWMerchBiomassC,MinTotalStemSnagC,MaxTotalStemSnagC,MinSWStemSnagC,MaxSWStemSnagC,MinHWStemSnagC,MaxHWStemSnagC,MinTotalStemSnagMerchC,MaxTotalStemSnagMerchC,MinSWMerchStemSnagC,MaxSWMerchStemSnagC,MinHWMerchStemSnagC,MaxHWMerchStemSnagC,Efficiency,SortType,MeasureType,Amount,DistTypeID,Year
NFSitka_mineral,A,mineral,YC13_16,False,0,210,0,210,-1,-1,-1,-1,-1,-1,-1,-1,-1,-1,-1,-1,-1,-1,-1,-1,-1,-1,-1,-1,-1,1,3,A,310.8,DISTID4,1
NFSitka_mineral,A,mineral,YC17_20,False,0,210,0,210,-1,-1,-1,-1,-1,-1,-1,-1,-1,-1,-1,-1,-1,-1,-1,-1,-1,-1,-1,-1,-1,1,3,A,218.4,DISTID4,1
NFSitka_mineral,A,mineral,YC20_24,False,0,210,0,210,-1,-1,-1,-1,-1,-1,-1,-1,-1,-1,-1,-1,-1,-1,-1,-1,-1,-1,-1,-1,-1,1,3,A,168.0,DISTID4,1
NFSitka_mineral,A,mineral,YC24_30,False,0,210,0,210,-1,-1,-1,-1,-1,-1,-1,-1,-1,-1,-1,-1,-1,-1,-1,-1,-1,-1,-1,-1,-1,1,3,A,142.8,DISTID4,1
NFSGB_mineral,A,mineral,YC10,False,0,210,0,210,-1,-1,-1,-1,-1,-1,-1,-1,-1,-1,-1,-1,-1,-1,-1,-1,-1,-1,-1,-1,-1,1,3,A,360.0,DISTID4,1
NFSitka_mineral,A,mineral,YC13_16,False,0,210,0,210,-1,-1,-1,-1,-1,-1,-1,-1,-1,-1,-1,-1,-1,-1,-1,-1,-1,-1,-1,-1,-1,1,3,A,310.8,DISTID4,2
NFSitka_mineral,A,mineral,YC17_20,False,0,210,0,210,-1,-1,-1,-1,-1,-1,-1,-1,-1,-1,-1,-1,-1,-1,-1,-1,-1,-1,-1,-1,-1,1,3,A,218.4,DISTID4,2
NFSitka_mineral,A,mineral,YC20_24,False,0,210,0,210,-1,-1,-1,-1,-1,-1,-1,-1,-1,-1,-1,-1,-1,-1,-1,-1,-1,-1,-1,-1,-1,1,3,A,168.0,DISTID4,2
NFSitka_mineral,A,mineral,YC24_30,False,0,210,0,210,-1,-1,-1,-1,-1,-1,-1,-1,-1,-1,-1,-1,-1,-1,-1,-1,-1,-1,-1,-1,-1,1,3,A,142.8,DISTID4,2
NFSGB_mineral,A,mineral,YC10,False,0,210,0,210,-1,-1,-1,-1,-1,-1,-1,-1,-1,-1,-1,-1,-1,-1,-1,-1,-1,-1,-1,-1,-1,1,3,A,360.0,DISTID4,2
NFSGB_mineral,A,mineral,YC10,False,0,210,0,210,-1,-1,-1,-1,-1,-1,-1,-1,-1,-1,-1,-1,-1,-1,-1,-1,-1,-1,-1,-1,-1,1,3,A,360.0,DISTID4,3
NFSitka_mineral,A,mineral,YC24_30,False,0,210,0,210,-1,-1,-1,-1,-1,-1,-1,-1,-1,-1,-1,-1,-1,-1,-1,-1,-1,-1,-1,-1,-1,1,3,A,142.8,DISTID4,3
NFSitka_mineral,A,mineral,YC13_16,False,0,210,0,210,-1,-1,-1,-1,-1,-1,-1,-1,-1,-1,-1,-1,-1,-1,-1,-1,-1,-1,-1,-1,-1,1,3,A,310.8,DISTID4,3
NFSitka_mineral,A,mineral,YC17_20,False,0,210,0,210,-1,-1,-1,-1,-1,-1,-1,-1,-1,-1,-1,-1,-1,-1,-1,-1,-1,-1,-1,-1,-1,1,3,A,218.4,DISTID4,3
NFSitka_mineral,A,mineral,YC20_24,False,0,210,0,210,-1,-1,-1,-1,-1,-1,-1,-1,-1,-1,-1,-1,-1,-1,-1,-1,-1,-1,-1,-1,-1,1,3,A,168.0,DISTID4,3
NFSitka_mineral,A,mineral,YC13_16,False,0,210,0,210,-1,-1,-1,-1,-1,-1,-1,-1,-1,-1,-1,-1,-1,-1,-1,-1,-1,-1,-1,-1,-1,1,3,A,310.8,DISTID4,4
NFSitka_mineral,A,mineral,YC17_20,False,0,210,0,210,-1,-1,-1,-1,-1,-1,-1,-1,-1,-1,-1,-1,-1,-1,-1,-1,-1,-1,-1,-1,-1,1,3,A,218.4,DISTID4,4
NFSitka_mineral,A,mineral,YC20_24,False,0,210,0,210,-1,-1,-1,-1,-1,-1,-1,-1,-1,-1,-1,-1,-1,-1,-1,-1,-1,-1,-1,-1,-1,1,3,A,168.0,DISTID4,4
NFSitka_mineral,A,mineral,YC24_30,False,0,210,0,210,-1,-1,-1,-1,-1,-1,-1,-1,-1,-1,-1,-1,-1,-1,-1,-1,-1,-1,-1,-1,-1,1,3,A,142.8,DISTID4,4
NFSGB_mineral,A,mineral,YC10,False,0,210,0,210,-1,-1,-1,-1,-1,-1,-1,-1,-1,-1,-1,-1,-1,-1,-1,-1,-1,-1,-1,-1,-1,1,3,A,360.0,DISTID4,4
NFSGB_mineral,A,mineral,YC10,False,0,210,0,210,-1,-1,-1,-1,-1,-1,-1,-1,-1,-1,-1,-1,-1,-1,-1,-1,-1,-1,-1,-1,-1,1,3,A,360.0,DISTID4,5
NFSitka_mineral,A,mineral,YC20_24,False,0,210,0,210,-1,-1,-1,-1,-1,-1,-1,-1,-1,-1,-1,-1,-1,-1,-1,-1,-1,-1,-1,-1,-1,1,3,A,168.0,DISTID4,5
NFSitka_mineral,A,mineral,YC24_30,False,0,210,0,210,-1,-1,-1,-1,-1,-1,-1,-1,-1,-1,-1,-1,-1,-1,-1,-1,-1,-1,-1,-1,-1,1,3,A,142.8,DISTID4,5
NFSitka_mineral,A,mineral,YC13_16,False,0,210,0,210,-1,-1,-1,-1,-1,-1,-1,-1,-1,-1,-1,-1,-1,-1,-1,-1,-1,-1,-1,-1,-1,1,3,A,310.8,DISTID4,5
NFSitka_mineral,A,mineral,YC17_20,False,0,210,0,210,-1,-1,-1,-1,-1,-1,-1,-1,-1,-1,-1,-1,-1,-1,-1,-1,-1,-1,-1,-1,-1,1,3,A,218.4,DISTID4,5
NFSitka_mineral,A,mineral,YC17_20,False,0,210,0,210,-1,-1,-1,-1,-1,-1,-1,-1,-1,-1,-1,-1,-1,-1,-1,-1,-1,-1,-1,-1,-1,1,3,A,170.12372105157,DISTID4,6
NFSitka_mineral,A,mineral,YC20_24,False,0,210,0,210,-1,-1,-1,-1,-1,-1,-1,-1,-1,-1,-1,-1,-1,-1,-1,-1,-1,-1,-1,-1,-1,1,3,A,19492.252278383155,DISTID4,6
NFSitka_mineral,A,mineral,YC24_30,False,0,210,0,210,-1,-1,-1,-1,-1,-1,-1,-1,-1,-1,-1,-1,-1,-1,-1,-1,-1,-1,-1,-1,-1,1,3,A,16056.82499275223,DISTID4,6
NFSGB_mineral,A,mineral,YC6,False,0,210,0,210,-1,-1,-1,-1,-1,-1,-1,-1,-1,-1,-1,-1,-1,-1,-1,-1,-1,-1,-1,-1,-1,1,3,A,61445.61414890224,DISTID4,6
NFSitka_mineral,A,mineral,YC17_20,False,0,210,0,210,-1,-1,-1,-1,-1,-1,-1,-1,-1,-1,-1,-1,-1,-1,-1,-1,-1,-1,-1,-1,-1,1,3,A,170.12372105157,DISTID4,7
NFSitka_mineral,A,mineral,YC20_24,False,0,210,0,210,-1,-1,-1,-1,-1,-1,-1,-1,-1,-1,-1,-1,-1,-1,-1,-1,-1,-1,-1,-1,-1,1,3,A,19492.252278383155,DISTID4,7
NFSitka_mineral,A,mineral,YC24_30,False,0,210,0,210,-1,-1,-1,-1,-1,-1,-1,-1,-1,-1,-1,-1,-1,-1,-1,-1,-1,-1,-1,-1,-1,1,3,A,16056.82499275223,DISTID4,7
NFSGB_mineral,A,mineral,YC6,False,0,210,0,210,-1,-1,-1,-1,-1,-1,-1,-1,-1,-1,-1,-1,-1,-1,-1,-1,-1,-1,-1,-1,-1,1,3,A,61445.61414890224,DISTID4,7
NFSitka_mineral,A,mineral,YC24_30,False,0,210,0,210,-1,-1,-1,-1,-1,-1,-1,-1,-1,-1,-1,-1,-1,-1,-1,-1,-1,-1,-1,-1,-1,1,3,A,16056.82499275223,DISTID4,8
NFSGB_mineral,A,mineral,YC6,False,0,210,0,210,-1,-1,-1,-1,-1,-1,-1,-1,-1,-1,-1,-1,-1,-1,-1,-1,-1,-1,-1,-1,-1,1,3,A,61445.61414890224,DISTID4,8
NFSitka_mineral,A,mineral,YC17_20,False,0,210,0,210,-1,-1,-1,-1,-1,-1,-1,-1,-1,-1,-1,-1,-1,-1,-1,-1,-1,-1,-1,-1,-1,1,3,A,170.12372105157,DISTID4,8
NFSitka_mineral,A,mineral,YC20_24,False,0,210,0,210,-1,-1,-1,-1,-1,-1,-1,-1,-1,-1,-1,-1,-1,-1,-1,-1,-1,-1,-1,-1,-1,1,3,A,19492.252278383155,DISTID4,8
NFSitka_mineral,A,mineral,YC17_20,False,0,210,0,210,-1,-1,-1,-1,-1,-1,-1,-1,-1,-1,-1,-1,-1,-1,-1,-1,-1,-1,-1,-1,-1,1,3,A,170.12372105157,DISTID4,9
NFSitka_mineral,A,mineral,YC20_24,False,0,210,0,210,-1,-1,-1,-1,-1,-1,-1,-1,-1,-1,-1,-1,-1,-1,-1,-1,-1,-1,-1,-1,-1,1,3,A,19492.252278383155,DISTID4,9
NFSitka_mineral,A,mineral,YC24_30,False,0,210,0,210,-1,-1,-1,-1,-1,-1,-1,-1,-1,-1,-1,-1,-1,-1,-1,-1,-1,-1,-1,-1,-1,1,3,A,16056.82499275223,DISTID4,9
NFSGB_mineral,A,mineral,YC6,False,0,210,0,210,-1,-1,-1,-1,-1,-1,-1,-1,-1,-1,-1,-1,-1,-1,-1,-1,-1,-1,-1,-1,-1,1,3,A,61445.61414890224,DISTID4,9
NFSitka_mineral,A,mineral,YC24_30,False,0,210,0,210,-1,-1,-1,-1,-1,-1,-1,-1,-1,-1,-1,-1,-1,-1,-1,-1,-1,-1,-1,-1,-1,1,3,A,16056.82499275223,DISTID4,10
NFSitka_mineral,A,mineral,YC17_20,False,0,210,0,210,-1,-1,-1,-1,-1,-1,-1,-1,-1,-1,-1,-1,-1,-1,-1,-1,-1,-1,-1,-1,-1,1,3,A,170.12372105157,DISTID4,10
NFSitka_mineral,A,mineral,YC20_24,False,0,210,0,210,-1,-1,-1,-1,-1,-1,-1,-1,-1,-1,-1,-1,-1,-1,-1,-1,-1,-1,-1,-1,-1,1,3,A,19492.252278383155,DISTID4,10
NFSGB_mineral,A,mineral,YC6,False,0,210,0,210,-1,-1,-1,-1,-1,-1,-1,-1,-1,-1,-1,-1,-1,-1,-1,-1,-1,-1,-1,-1,-1,1,3,A,61445.61414890224,DISTID4,10
Sitka,L,mineral,YC20_24,False,10,27,10,27,4,-1,-1,-1,-1,-1,-1,-1,-1,-1,-1,-1,-1,-1,-1,-1,-1,-1,-1,-1,-1,1,3,A,21.179779111114176,DISTID2,11
Sitka,L,mineral,YC24_30,False,10,26,10,26,4,-1,-1,-1,-1,-1,-1,-1,-1,-1,-1,-1,-1,-1,-1,-1,-1,-1,-1,-1,-1,1,3,A,18.00281224444705,DISTID2,11
NFSGB_mineral,A,mineral,YC6,False,0,210,0,210,-1,-1,-1,-1,-1,-1,-1,-1,-1,-1,-1,-1,-1,-1,-1,-1,-1,-1,-1,-1,-1,1,3,A,61445.61414890224,DISTID4,11
Sitka,L,mineral,YC17_20,False,10,33,10,33,3,-1,-1,-1,-1,-1,-1,-1,-1,-1,-1,-1,-1,-1,-1,-1,-1,-1,-1,-1,-1,1,3,A,27.533712844448427,DISTID2,11
NFSitka_mineral,A,mineral,YC24_30,False,0,210,0,210,-1,-1,-1,-1,-1,-1,-1,-1,-1,-1,-1,-1,-1,-1,-1,-1,-1,-1,-1,-1,-1,1,3,A,16056.82499275223,DISTID4,11
NFSitka_mineral,A,mineral,YC20_24,False,0,210,0,210,-1,-1,-1,-1,-1,-1,-1,-1,-1,-1,-1,-1,-1,-1,-1,-1,-1,-1,-1,-1,-1,1,3,A,19492.252278383155,DISTID4,11
NFSitka_mineral,A,mineral,YC17_20,False,0,210,0,210,-1,-1,-1,-1,-1,-1,-1,-1,-1,-1,-1,-1,-1,-1,-1,-1,-1,-1,-1,-1,-1,1,3,A,170.12372105157,DISTID4,11
Sitka,L,mineral,YC24_30,False,10,26,10,26,4,-1,-1,-1,-1,-1,-1,-1,-1,-1,-1,-1,-1,-1,-1,-1,-1,-1,-1,-1,-1,1,3,A,18.00281224444705,DISTID2,12
Sitka,L,mineral,YC20_24,False,10,27,10,27,4,-1,-1,-1,-1,-1,-1,-1,-1,-1,-1,-1,-1,-1,-1,-1,-1,-1,-1,-1,-1,1,3,A,21.179779111114176,DISTID2,12
NFSitka_mineral,A,mineral,YC17_20,False,0,210,0,210,-1,-1,-1,-1,-1,-1,-1,-1,-1,-1,-1,-1,-1,-1,-1,-1,-1,-1,-1,-1,-1,1,3,A,170.12372105157,DISTID4,12
NFSGB_mineral,A,mineral,YC6,False,0,210,0,210,-1,-1,-1,-1,-1,-1,-1,-1,-1,-1,-1,-1,-1,-1,-1,-1,-1,-1,-1,-1,-1,1,3,A,61445.61414890224,DISTID4,12
NFSitka_mineral,A,mineral,YC24_30,False,0,210,0,210,-1,-1,-1,-1,-1,-1,-1,-1,-1,-1,-1,-1,-1,-1,-1,-1,-1,-1,-1,-1,-1,1,3,A,16056.82499275223,DISTID4,12
NFSitka_mineral,A,mineral,YC20_24,False,0,210,0,210,-1,-1,-1,-1,-1,-1,-1,-1,-1,-1,-1,-1,-1,-1,-1,-1,-1,-1,-1,-1,-1,1,3,A,19492.252278383155,DISTID4,12
Sitka,L,mineral,YC17_20,False,10,33,10,33,3,-1,-1,-1,-1,-1,-1,-1,-1,-1,-1,-1,-1,-1,-1,-1,-1,-1,-1,-1,-1,1,3,A,27.533712844448427,DISTID2,12
NFSitka_mineral,A,mineral,YC24_30,False,0,210,0,210,-1,-1,-1,-1,-1,-1,-1,-1,-1,-1,-1,-1,-1,-1,-1,-1,-1,-1,-1,-1,-1,1,3,A,16056.82499275223,DISTID4,13
NFSGB_mineral,A,mineral,YC6,False,0,210,0,210,-1,-1,-1,-1,-1,-1,-1,-1,-1,-1,-1,-1,-1,-1,-1,-1,-1,-1,-1,-1,-1,1,3,A,61445.61414890224,DISTID4,13
NFSitka_mineral,A,mineral,YC17_20,False,0,210,0,210,-1,-1,-1,-1,-1,-1,-1,-1,-1,-1,-1,-1,-1,-1,-1,-1,-1,-1,-1,-1,-1,1,3,A,170.12372105157,DISTID4,13
Sitka,L,mineral,YC17_20,False,10,33,10,33,3,-1,-1,-1,-1,-1,-1,-1,-1,-1,-1,-1,-1,-1,-1,-1,-1,-1,-1,-1,-1,1,3,A,27.533712844448427,DISTID2,13
Sitka,L,mineral,YC20_24,False,10,27,10,27,4,-1,-1,-1,-1,-1,-1,-1,-1,-1,-1,-1,-1,-1,-1,-1,-1,-1,-1,-1,-1,1,3,A,21.179779111114176,DISTID2,13
Sitka,L,mineral,YC24_30,False,10,26,10,26,4,-1,-1,-1,-1,-1,-1,-1,-1,-1,-1,-1,-1,-1,-1,-1,-1,-1,-1,-1,-1,1,3,A,18.00281224444705,DISTID2,13
NFSitka_mineral,A,mineral,YC20_24,False,0,210,0,210,-1,-1,-1,-1,-1,-1,-1,-1,-1,-1,-1,-1,-1,-1,-1,-1,-1,-1,-1,-1,-1,1,3,A,19492.252278383155,DISTID4,13
Sitka,L,mineral,YC24_30,False,10,26,10,26,4,-1,-1,-1,-1,-1,-1,-1,-1,-1,-1,-1,-1,-1,-1,-1,-1,-1,-1,-1,-1,1,3,A,18.00281224444705,DISTID2,14
Sitka,L,mineral,YC17_20,False,10,33,10,33,3,-1,-1,-1,-1,-1,-1,-1,-1,-1,-1,-1,-1,-1,-1,-1,-1,-1,-1,-1,-1,1,3,A,27.533712844448427,DISTID2,14
Sitka,L,mineral,YC20_24,False,10,27,10,27,4,-1,-1,-1,-1,-1,-1,-1,-1,-1,-1,-1,-1,-1,-1,-1,-1,-1,-1,-1,-1,1,3,A,21.179779111114176,DISTID2,14
NFSGB_mineral,A,mineral,YC6,False,0,210,0,210,-1,-1,-1,-1,-1,-1,-1,-1,-1,-1,-1,-1,-1,-1,-1,-1,-1,-1,-1,-1,-1,1,3,A,61445.61414890224,DISTID4,14
NFSitka_mineral,A,mineral,YC17_20,False,0,210,0,210,-1,-1,-1,-1,-1,-1,-1,-1,-1,-1,-1,-1,-1,-1,-1,-1,-1,-1,-1,-1,-1,1,3,A,170.12372105157,DISTID4,14
NFSitka_mineral,A,mineral,YC20_24,False,0,210,0,210,-1,-1,-1,-1,-1,-1,-1,-1,-1,-1,-1,-1,-1,-1,-1,-1,-1,-1,-1,-1,-1,1,3,A,19492.252278383155,DISTID4,14
NFSitka_mineral,A,mineral,YC24_30,False,0,210,0,210,-1,-1,-1,-1,-1,-1,-1,-1,-1,-1,-1,-1,-1,-1,-1,-1,-1,-1,-1,-1,-1,1,3,A,16056.82499275223,DISTID4,14
Sitka,L,mineral,YC17_20,False,10,33,10,33,3,-1,-1,-1,-1,-1,-1,-1,-1,-1,-1,-1,-1,-1,-1,-1,-1,-1,-1,-1,-1,1,3,A,27.533712844448427,DISTID2,15
NFSitka_mineral,A,mineral,YC17_20,False,0,210,0,210,-1,-1,-1,-1,-1,-1,-1,-1,-1,-1,-1,-1,-1,-1,-1,-1,-1,-1,-1,-1,-1,1,3,A,170.12372105157,DISTID4,15
NFSitka_mineral,A,mineral,YC20_24,False,0,210,0,210,-1,-1,-1,-1,-1,-1,-1,-1,-1,-1,-1,-1,-1,-1,-1,-1,-1,-1,-1,-1,-1,1,3,A,19492.252278383155,DISTID4,15
NFSitka_mineral,A,mineral,YC24_30,False,0,210,0,210,-1,-1,-1,-1,-1,-1,-1,-1,-1,-1,-1,-1,-1,-1,-1,-1,-1,-1,-1,-1,-1,1,3,A,16056.82499275223,DISTID4,15
NFSGB_mineral,A,mineral,YC6,False,0,210,0,210,-1,-1,-1,-1,-1,-1,-1,-1,-1,-1,-1,-1,-1,-1,-1,-1,-1,-1,-1,-1,-1,1,3,A,61445.61414890224,DISTID4,15
Sitka,L,mineral,YC24_30,False,10,26,10,26,4,-1,-1,-1,-1,-1,-1,-1,-1,-1,-1,-1,-1,-1,-1,-1,-1,-1,-1,-1,-1,1,3,A,18.00281224444705,DISTID2,15
Sitka,L,mineral,YC20_24,False,10,27,10,27,4,-1,-1,-1,-1,-1,-1,-1,-1,-1,-1,-1,-1,-1,-1,-1,-1,-1,-1,-1,-1,1,3,A,21.179779111114176,DISTID2,15
Sitka,L,mineral,YC20_24,False,10,27,10,27,4,-1,-1,-1,-1,-1,-1,-1,-1,-1,-1,-1,-1,-1,-1,-1,-1,-1,-1,-1,-1,1,3,A,2457.3904621087336,DISTID2,16
Sitka,L,mineral,YC17_20,False,10,33,10,33,3,-1,-1,-1,-1,-1,-1,-1,-1,-1,-1,-1,-1,-1,-1,-1,-1,-1,-1,-1,-1,1,3,A,21.447516865672956,DISTID2,16
NFSGB_mineral,A,mineral,YC6,False,0,210,0,210,-1,-1,-1,-1,-1,-1,-1,-1,-1,-1,-1,-1,-1,-1,-1,-1,-1,-1,-1,-1,-1,1,3,A,61445.61414890224,DISTID4,16
NFSitka_mineral,A,mineral,YC17_20,False,0,210,0,210,-1,-1,-1,-1,-1,-1,-1,-1,-1,-1,-1,-1,-1,-1,-1,-1,-1,-1,-1,-1,-1,1,3,A,170.12372105157,DISTID4,16
NFSitka_mineral,A,mineral,YC24_30,False,0,210,0,210,-1,-1,-1,-1,-1,-1,-1,-1,-1,-1,-1,-1,-1,-1,-1,-1,-1,-1,-1,-1,-1,1,3,A,16056.82499275223,DISTID4,16
NFSitka_mineral,A,mineral,YC20_24,False,0,210,0,210,-1,-1,-1,-1,-1,-1,-1,-1,-1,-1,-1,-1,-1,-1,-1,-1,-1,-1,-1,-1,-1,1,3,A,19492.252278383155,DISTID4,16
Sitka,L,mineral,YC24_30,False,10,26,10,26,4,-1,-1,-1,-1,-1,-1,-1,-1,-1,-1,-1,-1,-1,-1,-1,-1,-1,-1,-1,-1,1,3,A,2024.2857534066054,DISTID2,16
SGB,L,mineral,YC6,False,10,33,10,33,5,-1,-1,-1,-1,-1,-1,-1,-1,-1,-1,-1,-1,-1,-1,-1,-1,-1,-1,-1,-1,1,3,A,30722.80707445112,DISTID2,16
Sitka,L,mineral,YC24_30,False,10,26,10,26,4,-1,-1,-1,-1,-1,-1,-1,-1,-1,-1,-1,-1,-1,-1,-1,-1,-1,-1,-1,-1,1,3,A,2024.2857534066054,DISTID2,17
SGB,L,mineral,YC6,False,10,33,10,33,5,-1,-1,-1,-1,-1,-1,-1,-1,-1,-1,-1,-1,-1,-1,-1,-1,-1,-1,-1,-1,1,3,A,30722.80707445112,DISTID2,17
Sitka,L,mineral,YC20_24,False,10,27,10,27,4,-1,-1,-1,-1,-1,-1,-1,-1,-1,-1,-1,-1,-1,-1,-1,-1,-1,-1,-1,-1,1,3,A,2457.3904621087336,DISTID2,17
NFSitka_mineral,A,mineral,YC20_24,False,0,210,0,210,-1,-1,-1,-1,-1,-1,-1,-1,-1,-1,-1,-1,-1,-1,-1,-1,-1,-1,-1,-1,-1,1,3,A,19492.252278383155,DISTID4,17
NFSitka_mineral,A,mineral,YC17_20,False,0,210,0,210,-1,-1,-1,-1,-1,-1,-1,-1,-1,-1,-1,-1,-1,-1,-1,-1,-1,-1,-1,-1,-1,1,3,A,170.12372105157,DISTID4,17
NFSGB_mineral,A,mineral,YC6,False,0,210,0,210,-1,-1,-1,-1,-1,-1,-1,-1,-1,-1,-1,-1,-1,-1,-1,-1,-1,-1,-1,-1,-1,1,3,A,61445.61414890224,DISTID4,17
NFSitka_mineral,A,mineral,YC24_30,False,0,210,0,210,-1,-1,-1,-1,-1,-1,-1,-1,-1,-1,-1,-1,-1,-1,-1,-1,-1,-1,-1,-1,-1,1,3,A,16056.82499275223,DISTID4,17
Sitka,L,mineral,YC17_20,False,10,33,10,33,3,-1,-1,-1,-1,-1,-1,-1,-1,-1,-1,-1,-1,-1,-1,-1,-1,-1,-1,-1,-1,1,3,A,21.447516865672956,DISTID2,17
Sitka,L,mineral,YC17_20,False,10,33,10,33,3,-1,-1,-1,-1,-1,-1,-1,-1,-1,-1,-1,-1,-1,-1,-1,-1,-1,-1,-1,-1,1,3,A,21.447516865672956,DISTID2,18
SGB,L,mineral,YC6,False,10,33,10,33,5,-1,-1,-1,-1,-1,-1,-1,-1,-1,-1,-1,-1,-1,-1,-1,-1,-1,-1,-1,-1,1,3,A,30722.80707445112,DISTID2,18
Sitka,L,mineral,YC24_30,False,10,26,10,26,4,-1,-1,-1,-1,-1,-1,-1,-1,-1,-1,-1,-1,-1,-1,-1,-1,-1,-1,-1,-1,1,3,A,2024.2857534066054,DISTID2,18
NFSitka_mineral,A,mineral,YC17_20,False,0,210,0,210,-1,-1,-1,-1,-1,-1,-1,-1,-1,-1,-1,-1,-1,-1,-1,-1,-1,-1,-1,-1,-1,1,3,A,170.12372105157,DISTID4,18
NFSitka_mineral,A,mineral,YC20_24,False,0,210,0,210,-1,-1,-1,-1,-1,-1,-1,-1,-1,-1,-1,-1,-1,-1,-1,-1,-1,-1,-1,-1,-1,1,3,A,19492.252278383155,DISTID4,18
NFSitka_mineral,A,mineral,YC24_30,False,0,210,0,210,-1,-1,-1,-1,-1,-1,-1,-1,-1,-1,-1,-1,-1,-1,-1,-1,-1,-1,-1,-1,-1,1,3,A,16056.82499275223,DISTID4,18
NFSGB_mineral,A,mineral,YC6,False,0,210,0,210,-1,-1,-1,-1,-1,-1,-1,-1,-1,-1,-1,-1,-1,-1,-1,-1,-1,-1,-1,-1,-1,1,3,A,61445.61414890224,DISTID4,18
Sitka,L,mineral,YC20_24,False,10,27,10,27,4,-1,-1,-1,-1,-1,-1,-1,-1,-1,-1,-1,-1,-1,-1,-1,-1,-1,-1,-1,-1,1,3,A,2457.3904621087336,DISTID2,18
Sitka,L,mineral,YC17_20,False,10,33,10,33,3,-1,-1,-1,-1,-1,-1,-1,-1,-1,-1,-1,-1,-1,-1,-1,-1,-1,-1,-1,-1,1,3,A,21.447516865672956,DISTID2,19
Sitka,L,mineral,YC20_24,False,10,27,10,27,4,-1,-1,-1,-1,-1,-1,-1,-1,-1,-1,-1,-1,-1,-1,-1,-1,-1,-1,-1,-1,1,3,A,2457.3904621087336,DISTID2,19
Sitka,L,mineral,YC24_30,False,10,26,10,26,4,-1,-1,-1,-1,-1,-1,-1,-1,-1,-1,-1,-1,-1,-1,-1,-1,-1,-1,-1,-1,1,3,A,2024.2857534066054,DISTID2,19
SGB,L,mineral,YC6,False,10,33,10,33,5,-1,-1,-1,-1,-1,-1,-1,-1,-1,-1,-1,-1,-1,-1,-1,-1,-1,-1,-1,-1,1,3,A,30722.80707445112,DISTID2,19
NFSitka_mineral,A,mineral,YC17_20,False,0,210,0,210,-1,-1,-1,-1,-1,-1,-1,-1,-1,-1,-1,-1,-1,-1,-1,-1,-1,-1,-1,-1,-1,1,3,A,170.12372105157,DISTID4,19
NFSitka_mineral,A,mineral,YC20_24,False,0,210,0,210,-1,-1,-1,-1,-1,-1,-1,-1,-1,-1,-1,-1,-1,-1,-1,-1,-1,-1,-1,-1,-1,1,3,A,19492.252278383155,DISTID4,19
NFSitka_mineral,A,mineral,YC24_30,False,0,210,0,210,-1,-1,-1,-1,-1,-1,-1,-1,-1,-1,-1,-1,-1,-1,-1,-1,-1,-1,-1,-1,-1,1,3,A,16056.82499275223,DISTID4,19
NFSGB_mineral,A,mineral,YC6,False,0,210,0,210,-1,-1,-1,-1,-1,-1,-1,-1,-1,-1,-1,-1,-1,-1,-1,-1,-1,-1,-1,-1,-1,1,3,A,61445.61414890224,DISTID4,19
NFSitka_mineral,A,mineral,YC24_30,False,0,210,0,210,-1,-1,-1,-1,-1,-1,-1,-1,-1,-1,-1,-1,-1,-1,-1,-1,-1,-1,-1,-1,-1,1,3,A,16056.82499275223,DISTID4,20
NFSitka_mineral,A,mineral,YC20_24,False,0,210,0,210,-1,-1,-1,-1,-1,-1,-1,-1,-1,-1,-1,-1,-1,-1,-1,-1,-1,-1,-1,-1,-1,1,3,A,19492.252278383155,DISTID4,20
NFSGB_mineral,A,mineral,YC6,False,0,210,0,210,-1,-1,-1,-1,-1,-1,-1,-1,-1,-1,-1,-1,-1,-1,-1,-1,-1,-1,-1,-1,-1,1,3,A,61445.61414890224,DISTID4,20
SGB,L,mineral,YC6,False,10,33,10,33,5,-1,-1,-1,-1,-1,-1,-1,-1,-1,-1,-1,-1,-1,-1,-1,-1,-1,-1,-1,-1,1,3,A,30722.80707445112,DISTID2,20
Sitka,L,mineral,YC24_30,False,10,26,10,26,4,-1,-1,-1,-1,-1,-1,-1,-1,-1,-1,-1,-1,-1,-1,-1,-1,-1,-1,-1,-1,1,3,A,2024.2857534066054,DISTID2,20
Sitka,L,mineral,YC20_24,False,10,27,10,27,4,-1,-1,-1,-1,-1,-1,-1,-1,-1,-1,-1,-1,-1,-1,-1,-1,-1,-1,-1,-1,1,3,A,2457.3904621087336,DISTID2,20
Sitka,L,mineral,YC17_20,False,10,33,10,33,3,-1,-1,-1,-1,-1,-1,-1,-1,-1,-1,-1,-1,-1,-1,-1,-1,-1,-1,-1,-1,1,3,A,21.447516865672956,DISTID2,20
NFSitka_mineral,A,mineral,YC17_20,False,0,210,0,210,-1,-1,-1,-1,-1,-1,-1,-1,-1,-1,-1,-1,-1,-1,-1,-1,-1,-1,-1,-1,-1,1,3,A,170.12372105157,DISTID4,20
Sitka,L,mineral,YC17_20,False,10,33,10,33,3,-1,-1,-1,-1,-1,-1,-1,-1,-1,-1,-1,-1,-1,-1,-1,-1,-1,-1,-1,-1,1,3,A,21.447516865672956,DISTID2,21
Sitka,L,mineral,YC20_24,False,10,27,10,27,4,-1,-1,-1,-1,-1,-1,-1,-1,-1,-1,-1,-1,-1,-1,-1,-1,-1,-1,-1,-1,1,3,A,2457.3904621087336,DISTID2,21
NFSitka_mineral,A,mineral,YC17_20,False,0,210,0,210,-1,-1,-1,-1,-1,-1,-1,-1,-1,-1,-1,-1,-1,-1,-1,-1,-1,-1,-1,-1,-1,1,3,A,170.12372105157,DISTID4,21
SGB,L,mineral,YC6,False,10,33,10,33,5,-1,-1,-1,-1,-1,-1,-1,-1,-1,-1,-1,-1,-1,-1,-1,-1,-1,-1,-1,-1,1,3,A,30722.80707445112,DISTID2,21
NFSitka_mineral,A,mineral,YC24_30,False,0,210,0,210,-1,-1,-1,-1,-1,-1,-1,-1,-1,-1,-1,-1,-1,-1,-1,-1,-1,-1,-1,-1,-1,1,3,A,16056.82499275223,DISTID4,21
NFSitka_mineral,A,mineral,YC20_24,False,0,210,0,210,-1,-1,-1,-1,-1,-1,-1,-1,-1,-1,-1,-1,-1,-1,-1,-1,-1,-1,-1,-1,-1,1,3,A,19492.252278383155,DISTID4,21
NFSGB_mineral,A,mineral,YC6,False,0,210,0,210,-1,-1,-1,-1,-1,-1,-1,-1,-1,-1,-1,-1,-1,-1,-1,-1,-1,-1,-1,-1,-1,1,3,A,61445.61414890224,DISTID4,21
Sitka,L,mineral,YC24_30,False,10,26,10,26,4,-1,-1,-1,-1,-1,-1,-1,-1,-1,-1,-1,-1,-1,-1,-1,-1,-1,-1,-1,-1,1,3,A,2024.2857534066054,DISTID2,21
NFSitka_mineral,A,mineral,YC20_24,False,0,210,0,210,-1,-1,-1,-1,-1,-1,-1,-1,-1,-1,-1,-1,-1,-1,-1,-1,-1,-1,-1,-1,-1,1,3,A,19492.252278383155,DISTID4,22
SGB,L,mineral,YC6,False,10,33,10,33,5,-1,-1,-1,-1,-1,-1,-1,-1,-1,-1,-1,-1,-1,-1,-1,-1,-1,-1,-1,-1,1,3,A,30722.80707445112,DISTID2,22
Sitka,L,mineral,YC24_30,False,10,26,10,26,4,-1,-1,-1,-1,-1,-1,-1,-1,-1,-1,-1,-1,-1,-1,-1,-1,-1,-1,-1,-1,1,3,A,2024.2857534066054,DISTID2,22
Sitka,L,mineral,YC20_24,False,10,27,10,27,4,-1,-1,-1,-1,-1,-1,-1,-1,-1,-1,-1,-1,-1,-1,-1,-1,-1,-1,-1,-1,1,3,A,2457.3904621087336,DISTID2,22
Sitka,L,mineral,YC17_20,False,10,33,10,33,3,-1,-1,-1,-1,-1,-1,-1,-1,-1,-1,-1,-1,-1,-1,-1,-1,-1,-1,-1,-1,1,3,A,21.447516865672956,DISTID2,22
NFSitka_mineral,A,mineral,YC17_20,False,0,210,0,210,-1,-1,-1,-1,-1,-1,-1,-1,-1,-1,-1,-1,-1,-1,-1,-1,-1,-1,-1,-1,-1,1,3,A,170.12372105157,DISTID4,22
NFSitka_mineral,A,mineral,YC24_30,False,0,210,0,210,-1,-1,-1,-1,-1,-1,-1,-1,-1,-1,-1,-1,-1,-1,-1,-1,-1,-1,-1,-1,-1,1,3,A,16056.82499275223,DISTID4,22
NFSGB_mineral,A,mineral,YC6,False,0,210,0,210,-1,-1,-1,-1,-1,-1,-1,-1,-1,-1,-1,-1,-1,-1,-1,-1,-1,-1,-1,-1,-1,1,3,A,61445.61414890224,DISTID4,22
NFSGB_mineral,A,mineral,YC6,False,0,210,0,210,-1,-1,-1,-1,-1,-1,-1,-1,-1,-1,-1,-1,-1,-1,-1,-1,-1,-1,-1,-1,-1,1,3,A,61445.61414890224,DISTID4,23
NFSitka_mineral,A,mineral,YC24_30,False,0,210,0,210,-1,-1,-1,-1,-1,-1,-1,-1,-1,-1,-1,-1,-1,-1,-1,-1,-1,-1,-1,-1,-1,1,3,A,16056.82499275223,DISTID4,23
NFSitka_mineral,A,mineral,YC20_24,False,0,210,0,210,-1,-1,-1,-1,-1,-1,-1,-1,-1,-1,-1,-1,-1,-1,-1,-1,-1,-1,-1,-1,-1,1,3,A,19492.252278383155,DISTID4,23
NFSitka_mineral,A,mineral,YC17_20,False,0,210,0,210,-1,-1,-1,-1,-1,-1,-1,-1,-1,-1,-1,-1,-1,-1,-1,-1,-1,-1,-1,-1,-1,1,3,A,170.12372105157,DISTID4,23
Sitka,L,mineral,YC20_24,False,10,27,10,27,4,-1,-1,-1,-1,-1,-1,-1,-1,-1,-1,-1,-1,-1,-1,-1,-1,-1,-1,-1,-1,1,3,A,2457.3904621087336,DISTID2,23
SGB,L,mineral,YC6,False,10,33,10,33,5,-1,-1,-1,-1,-1,-1,-1,-1,-1,-1,-1,-1,-1,-1,-1,-1,-1,-1,-1,-1,1,3,A,30722.80707445112,DISTID2,23
Sitka,L,mineral,YC17_20,False,10,33,10,33,3,-1,-1,-1,-1,-1,-1,-1,-1,-1,-1,-1,-1,-1,-1,-1,-1,-1,-1,-1,-1,1,3,A,21.447516865672956,DISTID2,23
Sitka,L,mineral,YC24_30,False,10,26,10,26,4,-1,-1,-1,-1,-1,-1,-1,-1,-1,-1,-1,-1,-1,-1,-1,-1,-1,-1,-1,-1,1,3,A,2024.2857534066054,DISTID2,23
NFSitka_mineral,A,mineral,YC24_30,False,0,210,0,210,-1,-1,-1,-1,-1,-1,-1,-1,-1,-1,-1,-1,-1,-1,-1,-1,-1,-1,-1,-1,-1,1,3,A,16056.82499275223,DISTID4,24
NFSitka_mineral,A,mineral,YC17_20,False,0,210,0,210,-1,-1,-1,-1,-1,-1,-1,-1,-1,-1,-1,-1,-1,-1,-1,-1,-1,-1,-1,-1,-1,1,3,A,170.12372105157,DISTID4,24
NFSitka_mineral,A,mineral,YC20_24,False,0,210,0,210,-1,-1,-1,-1,-1,-1,-1,-1,-1,-1,-1,-1,-1,-1,-1,-1,-1,-1,-1,-1,-1,1,3,A,19492.252278383155,DISTID4,24
NFSGB_mineral,A,mineral,YC6,False,0,210,0,210,-1,-1,-1,-1,-1,-1,-1,-1,-1,-1,-1,-1,-1,-1,-1,-1,-1,-1,-1,-1,-1,1,3,A,61445.61414890224,DISTID4,24
Sitka,L,mineral,YC20_24,False,10,27,10,27,4,-1,-1,-1,-1,-1,-1,-1,-1,-1,-1,-1,-1,-1,-1,-1,-1,-1,-1,-1,-1,1,3,A,2457.3904621087336,DISTID2,24
Sitka,L,mineral,YC24_30,False,10,26,10,26,4,-1,-1,-1,-1,-1,-1,-1,-1,-1,-1,-1,-1,-1,-1,-1,-1,-1,-1,-1,-1,1,3,A,2024.2857534066054,DISTID2,24
Sitka,L,mineral,YC17_20,False,10,33,10,33,3,-1,-1,-1,-1,-1,-1,-1,-1,-1,-1,-1,-1,-1,-1,-1,-1,-1,-1,-1,-1,1,3,A,21.447516865672956,DISTID2,24
SGB,L,mineral,YC6,False,10,33,10,33,5,-1,-1,-1,-1,-1,-1,-1,-1,-1,-1,-1,-1,-1,-1,-1,-1,-1,-1,-1,-1,1,3,A,30722.80707445112,DISTID2,24
NFSGB_mineral,A,mineral,YC6,False,0,210,0,210,-1,-1,-1,-1,-1,-1,-1,-1,-1,-1,-1,-1,-1,-1,-1,-1,-1,-1,-1,-1,-1,1,3,A,61445.61414890224,DISTID4,25
NFSitka_mineral,A,mineral,YC24_30,False,0,210,0,210,-1,-1,-1,-1,-1,-1,-1,-1,-1,-1,-1,-1,-1,-1,-1,-1,-1,-1,-1,-1,-1,1,3,A,16056.82499275223,DISTID4,25
NFSitka_mineral,A,mineral,YC20_24,False,0,210,0,210,-1,-1,-1,-1,-1,-1,-1,-1,-1,-1,-1,-1,-1,-1,-1,-1,-1,-1,-1,-1,-1,1,3,A,19492.252278383155,DISTID4,25
NFSitka_mineral,A,mineral,YC17_20,False,0,210,0,210,-1,-1,-1,-1,-1,-1,-1,-1,-1,-1,-1,-1,-1,-1,-1,-1,-1,-1,-1,-1,-1,1,3,A,170.12372105157,DISTID4,25
Sitka,L,mineral,YC17_20,False,10,33,10,33,3,-1,-1,-1,-1,-1,-1,-1,-1,-1,-1,-1,-1,-1,-1,-1,-1,-1,-1,-1,-1,1,3,A,21.447516865672956,DISTID2,25
Sitka,L,mineral,YC20_24,False,10,27,10,27,4,-1,-1,-1,-1,-1,-1,-1,-1,-1,-1,-1,-1,-1,-1,-1,-1,-1,-1,-1,-1,1,3,A,2457.3904621087336,DISTID2,25
Sitka,L,mineral,YC24_30,False,10,26,10,26,4,-1,-1,-1,-1,-1,-1,-1,-1,-1,-1,-1,-1,-1,-1,-1,-1,-1,-1,-1,-1,1,3,A,2024.2857534066054,DISTID2,25
SGB,L,mineral,YC6,False,10,33,10,33,5,-1,-1,-1,-1,-1,-1,-1,-1,-1,-1,-1,-1,-1,-1,-1,-1,-1,-1,-1,-1,1,3,A,30722.80707445112,DISTID2,25
NFSitka_mineral,A,mineral,YC17_20,False,0,210,0,210,-1,-1,-1,-1,-1,-1,-1,-1,-1,-1,-1,-1,-1,-1,-1,-1,-1,-1,-1,-1,-1,1,3,A,170.12372105157,DISTID4,26
Sitka,L,mineral,YC17_20,False,10,33,10,33,3,-1,-1,-1,-1,-1,-1,-1,-1,-1,-1,-1,-1,-1,-1,-1,-1,-1,-1,-1,-1,1,3,A,21.447516865672956,DISTID2,26
SGB,L,mineral,YC6,False,10,33,10,33,5,-1,-1,-1,-1,-1,-1,-1,-1,-1,-1,-1,-1,-1,-1,-1,-1,-1,-1,-1,-1,1,3,A,30722.80707445112,DISTID2,26
Sitka,L,mineral,YC24_30,False,10,26,10,26,4,-1,-1,-1,-1,-1,-1,-1,-1,-1,-1,-1,-1,-1,-1,-1,-1,-1,-1,-1,-1,1,3,A,2024.2857534066054,DISTID2,26
NFSitka_mineral,A,mineral,YC20_24,False,0,210,0,210,-1,-1,-1,-1,-1,-1,-1,-1,-1,-1,-1,-1,-1,-1,-1,-1,-1,-1,-1,-1,-1,1,3,A,19492.252278383155,DISTID4,26
NFSGB_mineral,A,mineral,YC6,False,0,210,0,210,-1,-1,-1,-1,-1,-1,-1,-1,-1,-1,-1,-1,-1,-1,-1,-1,-1,-1,-1,-1,-1,1,3,A,61445.61414890224,DISTID4,26
Sitka,L,mineral,YC20_24,False,10,27,10,27,4,-1,-1,-1,-1,-1,-1,-1,-1,-1,-1,-1,-1,-1,-1,-1,-1,-1,-1,-1,-1,1,3,A,2457.3904621087336,DISTID2,26
NFSitka_mineral,A,mineral,YC24_30,False,0,210,0,210,-1,-1,-1,-1,-1,-1,-1,-1,-1,-1,-1,-1,-1,-1,-1,-1,-1,-1,-1,-1,-1,1,3,A,16056.82499275223,DISTID4,26
Sitka,L,mineral,YC17_20,False,10,33,10,33,3,-1,-1,-1,-1,-1,-1,-1,-1,-1,-1,-1,-1,-1,-1,-1,-1,-1,-1,-1,-1,1,3,A,21.447516865672956,DISTID2,27
Sitka,L,mineral,YC20_24,False,10,27,10,27,4,-1,-1,-1,-1,-1,-1,-1,-1,-1,-1,-1,-1,-1,-1,-1,-1,-1,-1,-1,-1,1,3,A,2457.3904621087336,DISTID2,27
Sitka,L,mineral,YC24_30,False,10,26,10,26,4,-1,-1,-1,-1,-1,-1,-1,-1,-1,-1,-1,-1,-1,-1,-1,-1,-1,-1,-1,-1,1,3,A,2024.2857534066054,DISTID2,27
SGB,L,mineral,YC6,False,10,33,10,33,5,-1,-1,-1,-1,-1,-1,-1,-1,-1,-1,-1,-1,-1,-1,-1,-1,-1,-1,-1,-1,1,3,A,30722.80707445112,DISTID2,27
NFSitka_mineral,A,mineral,YC24_30,False,0,210,0,210,-1,-1,-1,-1,-1,-1,-1,-1,-1,-1,-1,-1,-1,-1,-1,-1,-1,-1,-1,-1,-1,1,3,A,16056.82499275223,DISTID4,27
NFSGB_mineral,A,mineral,YC6,False,0,210,0,210,-1,-1,-1,-1,-1,-1,-1,-1,-1,-1,-1,-1,-1,-1,-1,-1,-1,-1,-1,-1,-1,1,3,A,61445.61414890224,DISTID4,27
NFSitka_mineral,A,mineral,YC17_20,False,0,210,0,210,-1,-1,-1,-1,-1,-1,-1,-1,-1,-1,-1,-1,-1,-1,-1,-1,-1,-1,-1,-1,-1,1,3,A,170.12372105157,DISTID4,27
NFSitka_mineral,A,mineral,YC20_24,False,0,210,0,210,-1,-1,-1,-1,-1,-1,-1,-1,-1,-1,-1,-1,-1,-1,-1,-1,-1,-1,-1,-1,-1,1,3,A,19492.252278383155,DISTID4,27
SGB,L,mineral,YC6,False,10,33,10,33,5,-1,-1,-1,-1,-1,-1,-1,-1,-1,-1,-1,-1,-1,-1,-1,-1,-1,-1,-1,-1,1,3,A,30722.80707445112,DISTID2,28
Sitka,L,mineral,YC24_30,False,10,26,10,26,4,-1,-1,-1,-1,-1,-1,-1,-1,-1,-1,-1,-1,-1,-1,-1,-1,-1,-1,-1,-1,1,3,A,2024.2857534066054,DISTID2,28
Sitka,L,mineral,YC24_30,False,27,200,27,200,-1,-1,-1,-1,-1,-1,-1,-1,-1,-1,-1,-1,-1,-1,-1,-1,-1,-1,-1,-1,-1,1,3,A,135.66,DISTID1,28
Sitka,L,mineral,YC17_20,False,10,33,10,33,3,-1,-1,-1,-1,-1,-1,-1,-1,-1,-1,-1,-1,-1,-1,-1,-1,-1,-1,-1,-1,1,3,A,21.447516865672956,DISTID2,28
NFSitka_mineral,A,mineral,YC17_20,False,0,210,0,210,-1,-1,-1,-1,-1,-1,-1,-1,-1,-1,-1,-1,-1,-1,-1,-1,-1,-1,-1,-1,-1,1,3,A,170.12372105157,DISTID4,28
NFSitka_mineral,A,mineral,YC20_24,False,0,210,0,210,-1,-1,-1,-1,-1,-1,-1,-1,-1,-1,-1,-1,-1,-1,-1,-1,-1,-1,-1,-1,-1,1,3,A,19492.252278383155,DISTID4,28
NFSitka_mineral,A,mineral,YC24_30,False,0,210,0,210,-1,-1,-1,-1,-1,-1,-1,-1,-1,-1,-1,-1,-1,-1,-1,-1,-1,-1,-1,-1,-1,1,3,A,16056.82499275223,DISTID4,28
NFSGB_mineral,A,mineral,YC6,False,0,210,0,210,-1,-1,-1,-1,-1,-1,-1,-1,-1,-1,-1,-1,-1,-1,-1,-1,-1,-1,-1,-1,-1,1,3,A,61445.61414890224,DISTID4,28
Sitka,L,mineral,YC20_24,False,10,27,10,27,4,-1,-1,-1,-1,-1,-1,-1,-1,-1,-1,-1,-1,-1,-1,-1,-1,-1,-1,-1,-1,1,3,A,2457.3904621087336,DISTID2,28
NFSitka_mineral,A,mineral,YC24_30,False,0,210,0,210,-1,-1,-1,-1,-1,-1,-1,-1,-1,-1,-1,-1,-1,-1,-1,-1,-1,-1,-1,-1,-1,1,3,A,16056.82499275223,DISTID4,29
NFSitka_mineral,A,mineral,YC20_24,False,0,210,0,210,-1,-1,-1,-1,-1,-1,-1,-1,-1,-1,-1,-1,-1,-1,-1,-1,-1,-1,-1,-1,-1,1,3,A,19492.252278383155,DISTID4,29
NFSitka_mineral,A,mineral,YC17_20,False,0,210,0,210,-1,-1,-1,-1,-1,-1,-1,-1,-1,-1,-1,-1,-1,-1,-1,-1,-1,-1,-1,-1,-1,1,3,A,170.12372105157,DISTID4,29
SGB,L,mineral,YC6,False,10,33,10,33,5,-1,-1,-1,-1,-1,-1,-1,-1,-1,-1,-1,-1,-1,-1,-1,-1,-1,-1,-1,-1,1,3,A,30722.80707445112,DISTID2,29
Sitka,L,mineral,YC24_30,False,10,26,10,26,4,-1,-1,-1,-1,-1,-1,-1,-1,-1,-1,-1,-1,-1,-1,-1,-1,-1,-1,-1,-1,1,3,A,2024.2857534066054,DISTID2,29
Sitka,L,mineral,YC24_30,False,27,200,27,200,-1,-1,-1,-1,-1,-1,-1,-1,-1,-1,-1,-1,-1,-1,-1,-1,-1,-1,-1,-1,-1,1,3,A,135.66,DISTID1,29
Sitka,L,mineral,YC24_30,False,27,200,27,200,-1,-1,-1,-1,-1,-1,-1,-1,-1,-1,-1,-1,-1,-1,-1,-1,-1,-1,-1,-1,-1,1,3,A,6.783000000000006,DISTID1,29
Sitka,L,mineral,YC20_24,False,10,27,10,27,4,-1,-1,-1,-1,-1,-1,-1,-1,-1,-1,-1,-1,-1,-1,-1,-1,-1,-1,-1,-1,1,3,A,2457.3904621087336,DISTID2,29
Sitka,L,mineral,YC20_24,False,28,200,28,200,-1,-1,-1,-1,-1,-1,-1,-1,-1,-1,-1,-1,-1,-1,-1,-1,-1,-1,-1,-1,-1,1,3,A,159.6,DISTID1,29
Sitka,L,mineral,YC17_20,False,10,33,10,33,3,-1,-1,-1,-1,-1,-1,-1,-1,-1,-1,-1,-1,-1,-1,-1,-1,-1,-1,-1,-1,1,3,A,21.447516865672956,DISTID2,29
Sitka,L,mineral,YC17_20,False,28,200,28,200,-1,-1,-1,-1,-1,-1,-1,-1,-1,-1,-1,-1,-1,-1,-1,-1,-1,-1,-1,-1,-1,1,3,A,207.48,DISTID1,29
NFSGB_mineral,A,mineral,YC6,False,0,210,0,210,-1,-1,-1,-1,-1,-1,-1,-1,-1,-1,-1,-1,-1,-1,-1,-1,-1,-1,-1,-1,-1,1,3,A,61445.61414890224,DISTID4,29
Sitka,L,mineral,YC17_20,False,28,200,28,200,-1,-1,-1,-1,-1,-1,-1,-1,-1,-1,-1,-1,-1,-1,-1,-1,-1,-1,-1,-1,-1,1,3,A,207.48,DISTID1,30
Sitka,L,mineral,YC17_20,False,28,200,28,200,-1,-1,-1,-1,-1,-1,-1,-1,-1,-1,-1,-1,-1,-1,-1,-1,-1,-1,-1,-1,-1,1,3,A,10.37400000000001,DISTID1,30
Sitka,L,mineral,YC24_30,False,10,26,10,26,4,-1,-1,-1,-1,-1,-1,-1,-1,-1,-1,-1,-1,-1,-1,-1,-1,-1,-1,-1,-1,1,3,A,2024.2857534066054,DISTID2,30
Sitka,L,mineral,YC20_24,False,28,200,28,200,-1,-1,-1,-1,-1,-1,-1,-1,-1,-1,-1,-1,-1,-1,-1,-1,-1,-1,-1,-1,-1,1,3,A,159.6,DISTID1,30
Sitka,L,mineral,YC24_30,False,27,200,27,200,-1,-1,-1,-1,-1,-1,-1,-1,-1,-1,-1,-1,-1,-1,-1,-1,-1,-1,-1,-1,-1,1,3,A,135.66,DISTID1,30
Sitka,L,mineral,YC24_30,False,27,200,27,200,-1,-1,-1,-1,-1,-1,-1,-1,-1,-1,-1,-1,-1,-1,-1,-1,-1,-1,-1,-1,-1,1,3,A,6.783000000000006,DISTID1,30
Sitka,L,mineral,YC24_30,False,27,200,27,200,-1,-1,-1,-1,-1,-1,-1,-1,-1,-1,-1,-1,-1,-1,-1,-1,-1,-1,-1,-1,-1,1,3,A,0.3391500000000006,DISTID1,30
Sitka,L,mineral,YC20_24,False,10,27,10,27,4,-1,-1,-1,-1,-1,-1,-1,-1,-1,-1,-1,-1,-1,-1,-1,-1,-1,-1,-1,-1,1,3,A,2457.3904621087336,DISTID2,30
Sitka,L,mineral,YC17_20,False,10,33,10,33,3,-1,-1,-1,-1,-1,-1,-1,-1,-1,-1,-1,-1,-1,-1,-1,-1,-1,-1,-1,-1,1,3,A,21.447516865672956,DISTID2,30
NFSGB_mineral,A,mineral,YC6,False,0,210,0,210,-1,-1,-1,-1,-1,-1,-1,-1,-1,-1,-1,-1,-1,-1,-1,-1,-1,-1,-1,-1,-1,1,3,A,61445.61414890224,DISTID4,30
NFSitka_mineral,A,mineral,YC24_30,False,0,210,0,210,-1,-1,-1,-1,-1,-1,-1,-1,-1,-1,-1,-1,-1,-1,-1,-1,-1,-1,-1,-1,-1,1,3,A,16056.82499275223,DISTID4,30
NFSitka_mineral,A,mineral,YC20_24,False,0,210,0,210,-1,-1,-1,-1,-1,-1,-1,-1,-1,-1,-1,-1,-1,-1,-1,-1,-1,-1,-1,-1,-1,1,3,A,19492.252278383155,DISTID4,30
NFSitka_mineral,A,mineral,YC17_20,False,0,210,0,210,-1,-1,-1,-1,-1,-1,-1,-1,-1,-1,-1,-1,-1,-1,-1,-1,-1,-1,-1,-1,-1,1,3,A,170.12372105157,DISTID4,30
SGB,L,mineral,YC6,False,10,33,10,33,5,-1,-1,-1,-1,-1,-1,-1,-1,-1,-1,-1,-1,-1,-1,-1,-1,-1,-1,-1,-1,1,3,A,30722.80707445112,DISTID2,30
Sitka,L,mineral,YC20_24,False,28,200,28,200,-1,-1,-1,-1,-1,-1,-1,-1,-1,-1,-1,-1,-1,-1,-1,-1,-1,-1,-1,-1,-1,1,3,A,7.980000000000007,DISTID1,30
Sitka,L,mineral,YC20_24,False,28,200,28,200,-1,-1,-1,-1,-1,-1,-1,-1,-1,-1,-1,-1,-1,-1,-1,-1,-1,-1,-1,-1,-1,1,3,A,7.980000000000007,DISTID1,31
Sitka,L,mineral,YC20_24,False,10,27,10,27,4,-1,-1,-1,-1,-1,-1,-1,-1,-1,-1,-1,-1,-1,-1,-1,-1,-1,-1,-1,-1,1,3,A,2457.3904621087336,DISTID2,31
Sitka,L,mineral,YC20_24,False,28,200,28,200,-1,-1,-1,-1,-1,-1,-1,-1,-1,-1,-1,-1,-1,-1,-1,-1,-1,-1,-1,-1,-1,1,3,A,0.3990000000000007,DISTID1,31
SGB,L,mineral,YC6,False,10,33,10,33,5,-1,-1,-1,-1,-1,-1,-1,-1,-1,-1,-1,-1,-1,-1,-1,-1,-1,-1,-1,-1,1,3,A,30722.80707445112,DISTID2,31
Sitka,L,mineral,YC24_30,False,10,26,10,26,4,-1,-1,-1,-1,-1,-1,-1,-1,-1,-1,-1,-1,-1,-1,-1,-1,-1,-1,-1,-1,1,3,A,2024.2857534066054,DISTID2,31
Sitka,L,mineral,YC24_30,False,27,200,27,200,-1,-1,-1,-1,-1,-1,-1,-1,-1,-1,-1,-1,-1,-1,-1,-1,-1,-1,-1,-1,-1,1,3,A,135.66,DISTID1,31
Sitka,L,mineral,YC24_30,False,27,200,27,200,-1,-1,-1,-1,-1,-1,-1,-1,-1,-1,-1,-1,-1,-1,-1,-1,-1,-1,-1,-1,-1,1,3,A,6.783000000000006,DISTID1,31
Sitka,L,mineral,YC24_30,False,27,200,27,200,-1,-1,-1,-1,-1,-1,-1,-1,-1,-1,-1,-1,-1,-1,-1,-1,-1,-1,-1,-1,-1,1,3,A,0.3391500000000006,DISTID1,31
Sitka,L,mineral,YC24_30,False,27,200,27,200,-1,-1,-1,-1,-1,-1,-1,-1,-1,-1,-1,-1,-1,-1,-1,-1,-1,-1,-1,-1,-1,1,3,A,0.016957500000000045,DISTID1,31
Sitka,L,mineral,YC20_24,False,28,200,28,200,-1,-1,-1,-1,-1,-1,-1,-1,-1,-1,-1,-1,-1,-1,-1,-1,-1,-1,-1,-1,-1,1,3,A,159.6,DISTID1,31
Sitka,L,mineral,YC17_20,False,10,33,10,33,3,-1,-1,-1,-1,-1,-1,-1,-1,-1,-1,-1,-1,-1,-1,-1,-1,-1,-1,-1,-1,1,3,A,21.447516865672956,DISTID2,31
NFSitka_mineral,A,mineral,YC17_20,False,0,210,0,210,-1,-1,-1,-1,-1,-1,-1,-1,-1,-1,-1,-1,-1,-1,-1,-1,-1,-1,-1,-1,-1,1,3,A,170.12372105157,DISTID4,31
Sitka,L,mineral,YC17_20,False,28,200,28,200,-1,-1,-1,-1,-1,-1,-1,-1,-1,-1,-1,-1,-1,-1,-1,-1,-1,-1,-1,-1,-1,1,3,A,10.37400000000001,DISTID1,31
Sitka,L,mineral,YC17_20,False,28,200,28,200,-1,-1,-1,-1,-1,-1,-1,-1,-1,-1,-1,-1,-1,-1,-1,-1,-1,-1,-1,-1,-1,1,3,A,0.5187000000000009,DISTID1,31
NFSGB_mineral,A,mineral,YC6,False,0,210,0,210,-1,-1,-1,-1,-1,-1,-1,-1,-1,-1,-1,-1,-1,-1,-1,-1,-1,-1,-1,-1,-1,1,3,A,61445.61414890224,DISTID4,31
NFSitka_mineral,A,mineral,YC24_30,False,0,210,0,210,-1,-1,-1,-1,-1,-1,-1,-1,-1,-1,-1,-1,-1,-1,-1,-1,-1,-1,-1,-1,-1,1,3,A,16056.82499275223,DISTID4,31
NFSitka_mineral,A,mineral,YC20_24,False,0,210,0,210,-1,-1,-1,-1,-1,-1,-1,-1,-1,-1,-1,-1,-1,-1,-1,-1,-1,-1,-1,-1,-1,1,3,A,19492.252278383155,DISTID4,31
Sitka,L,mineral,YC17_20,False,28,200,28,200,-1,-1,-1,-1,-1,-1,-1,-1,-1,-1,-1,-1,-1,-1,-1,-1,-1,-1,-1,-1,-1,1,3,A,207.48,DISTID1,31
Sitka,L,mineral,YC24_30,False,27,200,27,200,-1,-1,-1,-1,-1,-1,-1,-1,-1,-1,-1,-1,-1,-1,-1,-1,-1,-1,-1,-1,-1,1,3,A,135.66,DISTID1,32
Sitka,L,mineral,YC24_30,False,27,200,27,200,-1,-1,-1,-1,-1,-1,-1,-1,-1,-1,-1,-1,-1,-1,-1,-1,-1,-1,-1,-1,-1,1,3,A,6.783000000000006,DISTID1,32
Sitka,L,mineral,YC24_30,False,27,200,27,200,-1,-1,-1,-1,-1,-1,-1,-1,-1,-1,-1,-1,-1,-1,-1,-1,-1,-1,-1,-1,-1,1,3,A,0.3391500000000006,DISTID1,32
Sitka,L,mineral,YC24_30,False,27,200,27,200,-1,-1,-1,-1,-1,-1,-1,-1,-1,-1,-1,-1,-1,-1,-1,-1,-1,-1,-1,-1,-1,1,3,A,0.016957500000000045,DISTID1,32
Sitka,L,mineral,YC24_30,False,27,200,27,200,-1,-1,-1,-1,-1,-1,-1,-1,-1,-1,-1,-1,-1,-1,-1,-1,-1,-1,-1,-1,-1,1,3,A,0.0008478750000000031,DISTID1,32
Sitka,L,mineral,YC20_24,False,10,27,10,27,4,-1,-1,-1,-1,-1,-1,-1,-1,-1,-1,-1,-1,-1,-1,-1,-1,-1,-1,-1,-1,1,3,A,2457.3904621087336,DISTID2,32
Sitka,L,mineral,YC20_24,False,28,200,28,200,-1,-1,-1,-1,-1,-1,-1,-1,-1,-1,-1,-1,-1,-1,-1,-1,-1,-1,-1,-1,-1,1,3,A,159.6,DISTID1,32
Sitka,L,mineral,YC20_24,False,28,200,28,200,-1,-1,-1,-1,-1,-1,-1,-1,-1,-1,-1,-1,-1,-1,-1,-1,-1,-1,-1,-1,-1,1,3,A,7.980000000000007,DISTID1,32
Sitka,L,mineral,YC20_24,False,28,200,28,200,-1,-1,-1,-1,-1,-1,-1,-1,-1,-1,-1,-1,-1,-1,-1,-1,-1,-1,-1,-1,-1,1,3,A,0.3990000000000007,DISTID1,32
Sitka,L,mineral,YC17_20,False,28,200,28,200,-1,-1,-1,-1,-1,-1,-1,-1,-1,-1,-1,-1,-1,-1,-1,-1,-1,-1,-1,-1,-1,1,3,A,207.48,DISTID1,32
Sitka,L,mineral,YC17_20,False,10,33,10,33,3,-1,-1,-1,-1,-1,-1,-1,-1,-1,-1,-1,-1,-1,-1,-1,-1,-1,-1,-1,-1,1,3,A,21.447516865672956,DISTID2,32
Sitka,L,mineral,YC17_20,False,28,200,28,200,-1,-1,-1,-1,-1,-1,-1,-1,-1,-1,-1,-1,-1,-1,-1,-1,-1,-1,-1,-1,-1,1,3,A,10.37400000000001,DISTID1,32
Sitka,L,mineral,YC17_20,False,28,200,28,200,-1,-1,-1,-1,-1,-1,-1,-1,-1,-1,-1,-1,-1,-1,-1,-1,-1,-1,-1,-1,-1,1,3,A,0.5187000000000009,DISTID1,32
Sitka,L,mineral,YC17_20,False,28,200,28,200,-1,-1,-1,-1,-1,-1,-1,-1,-1,-1,-1,-1,-1,-1,-1,-1,-1,-1,-1,-1,-1,1,3,A,0.025935000000000073,DISTID1,32
Sitka,L,mineral,YC24_30,False,10,26,10,26,4,-1,-1,-1,-1,-1,-1,-1,-1,-1,-1,-1,-1,-1,-1,-1,-1,-1,-1,-1,-1,1,3,A,2024.2857534066054,DISTID2,32
NFSitka_mineral,A,mineral,YC17_20,False,0,210,0,210,-1,-1,-1,-1,-1,-1,-1,-1,-1,-1,-1,-1,-1,-1,-1,-1,-1,-1,-1,-1,-1,1,3,A,170.12372105157,DISTID4,32
NFSitka_mineral,A,mineral,YC20_24,False,0,210,0,210,-1,-1,-1,-1,-1,-1,-1,-1,-1,-1,-1,-1,-1,-1,-1,-1,-1,-1,-1,-1,-1,1,3,A,19492.252278383155,DISTID4,32
NFSitka_mineral,A,mineral,YC24_30,False,0,210,0,210,-1,-1,-1,-1,-1,-1,-1,-1,-1,-1,-1,-1,-1,-1,-1,-1,-1,-1,-1,-1,-1,1,3,A,16056.82499275223,DISTID4,32
NFSGB_mineral,A,mineral,YC6,False,0,210,0,210,-1,-1,-1,-1,-1,-1,-1,-1,-1,-1,-1,-1,-1,-1,-1,-1,-1,-1,-1,-1,-1,1,3,A,61445.61414890224,DISTID4,32
Sitka,L,mineral,YC20_24,False,28,200,28,200,-1,-1,-1,-1,-1,-1,-1,-1,-1,-1,-1,-1,-1,-1,-1,-1,-1,-1,-1,-1,-1,1,3,A,0.019950000000000054,DISTID1,32
SGB,L,mineral,YC6,False,10,33,10,33,5,-1,-1,-1,-1,-1,-1,-1,-1,-1,-1,-1,-1,-1,-1,-1,-1,-1,-1,-1,-1,1,3,A,30722.80707445112,DISTID2,32
